"","ID","aDC_xCell","Adipocytes_xCell","Astrocytes_xCell","B-cells_xCell","Basophils_xCell","CD4+_memory_T-cells_xCell","CD4+_naive_T-cells_xCell","CD4+_T-cells_xCell","CD4+_Tcm_xCell","CD4+_Tem_xCell","CD8+_naive_T-cells_xCell","CD8+_T-cells_xCell","CD8+_Tcm_xCell","CD8+_Tem_xCell","cDC_xCell","Chondrocytes_xCell","Class-switched_memory_B-cells_xCell","CLP_xCell","CMP_xCell","DC_xCell","Endothelial_cells_xCell","Eosinophils_xCell","Epithelial_cells_xCell","Erythrocytes_xCell","Fibroblasts_xCell","GMP_xCell","Hepatocytes_xCell","HSC_xCell","iDC_xCell","Keratinocytes_xCell","ly_Endothelial_cells_xCell","Macrophages_xCell","Macrophages_M1_xCell","Macrophages_M2_xCell","Mast_cells_xCell","Megakaryocytes_xCell","Melanocytes_xCell","Memory_B-cells_xCell","MEP_xCell","Mesangial_cells_xCell","Monocytes_xCell","MPP_xCell","MSC_xCell","mv_Endothelial_cells_xCell","Myocytes_xCell","naive_B-cells_xCell","Neurons_xCell","Neutrophils_xCell","NK_cells_xCell","NKT_xCell","Osteoblast_xCell","pDC_xCell","Pericytes_xCell","Plasma_cells_xCell","Platelets_xCell","Preadipocytes_xCell","pro_B-cells_xCell","Sebocytes_xCell","Skeletal_muscle_xCell","Smooth_muscle_xCell","Tgd_cells_xCell","Th1_cells_xCell","Th2_cells_xCell","Tregs_xCell","ImmuneScore_xCell","StromaScore_xCell","MicroenvironmentScore_xCell"
"1","TCGA-OR-A5JQ-01A",0.219438377076057,0.0044360897309032,0,0,0,0.0122318259945173,0.0235592732275602,2.23919087566374e-18,0,0.0435192945595518,0,0.0354464583317828,0.0689783521723544,0.00103372652608929,0.115194318338349,0.0145298849800087,1.27550150567006e-19,0.00102508362232262,0.00251365558616962,0.0337173934592954,0.0561536073595291,5.53244463272338e-19,0.0235177245973107,0,0.0964491071237388,0.00831270762515937,3.7949510523348e-19,0.201582489355909,0.213375711306892,0.000171173865644612,0.0243027663201691,0.00788977755936967,0.00675464203653916,0.0111403996915918,0,0.00220677765996667,0.00233647262673404,0,0.0321468638440661,2.30269886822739e-18,0.00628018762984233,0,0.0713455354219414,0.0180838116520506,0.00075810972911719,2.05244184620171e-18,0.0149533641923051,2.81942077351632e-19,2.7789163208515e-18,0.0671384326080108,2.38716936239519e-20,0.0283247936157249,0.119010177777097,0.0149284835394926,0,0,2.70282774375794e-18,3.73019391621369e-20,0,0.203309898405336,0,0.00255849321938549,0.0271740952189136,0.0119556612885417,0.0555558779868602,0.0785194021070855,0.134075280093946
"2","TCGA-OR-A5J8-01A",0.209848080786,0.00348567021174676,0.193398456578371,0,0.0783798278802322,0,0.0193336960730351,0,0,0.011115440348214,0,0.0379052587114223,0.0860049180430843,0.0130476088420206,0.0691255686185695,0.00562770831414322,0,0,0,0.0719987680754505,0.0801070918807134,0,0.00107843639658973,3.03152425622856e-19,0.344356113386578,5.59262578533272e-18,2.4303803121973e-19,0.128719612535219,0.830176750796005,7.98861297480849e-19,0.0259481724688185,0.0946960012209918,0.0537424809355078,0.027770390765888,0,0,0.00398504303358659,0,0.00164595565358134,0.0143800398828191,0.119380159999706,5.89372808562118e-18,0.234404454211274,0.0550402743686615,0,0,0.00275408687568399,0,1.96029025447108e-19,0.0870862883945107,0,0.0119207485042059,0.259341962535574,5.53775891084673e-19,1.09630575591855e-18,3.4742353141025e-19,0.00646327944785748,0.000711924068546266,0,0.01661029692888,0,0.0205381957632544,0.0845082929455782,0.0652856231064617,0.215986792005047,0.213974437739519,0.429961229744566
"3","TCGA-OR-A5JK-01A",0.253906388774023,0.00160766898909555,0,0.0351282200372351,0.0536132436236387,0.00463659397985818,0.0330088040810195,0,0.0256665962935133,0.0475253414476784,0,0.145071363008629,0.158542464767386,0.0317021306056607,0.0348725130505851,8.85752648484975e-19,0.0454303134106486,0.00140092617789046,0,0.0201632690992761,0.0506092457620792,0,0.00698045632617937,0,0.150953210313883,6.10432261622267e-19,0.000575804148500769,0.0449078779607484,0.0886278859702547,0,0.0206308031179092,0.027429663048326,0.0340900285144186,0.0242659403266946,0.00197650215094856,0,0.00506191341596335,1.92525073066598e-19,0.00862455495020153,0.0313165423453768,0.0178962970784598,2.40720569942525e-18,0.0877397557348602,0.0231953073770142,1.87075164857841e-18,0.00107325575579554,0.0283245541574294,2.83794399311269e-19,4.49156461605594e-18,0.0380857753336707,0,0.0252371627999633,0.0388745771034778,0.00712224694105704,8.21091729693252e-19,0,0.00167440143920815,0,5.46479828430573e-20,0.0432302878439119,0,0.0204168218706088,0.0399422524611085,0.000537858640307459,0.16511020961525,0.101585062532529,0.266695272147779
"4","TCGA-OR-A5LK-01A",0.0841041825464181,0,5.92633351122542e-18,0,0,0.0223485128812157,0.017008604210699,4.94472958648578e-18,5.82337113131056e-20,0.0532882230118762,0,0.0372249974949973,0.0579459393550671,0.0127580990475262,0.438904736157825,0.00691434908099681,0.00752531997312759,0,0.0326128921128154,0.0898567599450444,0.114291462376378,1.21582230706701e-18,0.0439923502495201,0,4.1944206755976e-19,0.0246978862401464,1.00543460456015e-19,0.108243897353106,0.726554798628034,9.61555348992623e-20,0.051942127351043,0.0273402236157559,0.0144007453617519,0.0130558269700245,0.0282910979809813,0.002606542837183,2.49288685099997e-20,3.21358010464625e-20,0.0494117762980582,2.6220088959164e-18,0.0572329747970093,1.31760175520993e-17,3.45203720023945e-18,0.0335416640962432,1.67154145351934e-18,2.23450079319736e-18,0.012767355129084,0,0,0.209668752228329,0,0.0403242018485828,0.0878809078177272,0.0198317767683491,2.02383512088298e-19,0,1.9891672216232e-19,0.00818058757687318,3.83521823950091e-18,0.0842976717636429,0,0,0.021979994176818,0.033755914106647,0.159964035889192,0.0571457311881888,0.217109767077381
"5","TCGA-OR-A5L5-01A",0.15328417777105,0.0192187244693192,2.20225837588963e-18,0.0241664103536202,0.0058841345917973,0.000535829115387858,0,9.29339812934334e-19,0.00111561864934555,0.035360157626424,2.88438712524234e-21,0.0181405165438921,0.0304577988143208,0.00170230539560001,0.082184119201606,0.0398119055534883,9.66472355514234e-20,0.00271248955326028,0.00549845918226532,0.0405410023986154,0.0869311868186397,7.78472179120869e-19,0.0494950299103779,8.69395051206902e-21,0.209432515963413,0.00415104859678858,0.000143469580974776,0.207824892535893,0.460693207696777,6.05922196068462e-20,0.0394597871222557,0.0282012972860257,0.020471550114168,0.040086974964767,0.0270252692729779,0.00261563526801637,2.21103500907496e-19,1.11997858143636e-19,0.0513501290150777,0.00782457661063135,0.0115617752889325,6.82831016844259e-18,0,0.0441617100519921,8.18266351336195e-19,0,0.0134642227452571,0,6.76808940939287e-19,0.0238993010597192,0,0.00817812137871157,0.121540498278634,0.0129142945356173,0,0,1.82202005617373e-18,1.45840393697074e-20,1.68134689035083e-18,0.150437487341632,1.42224149524733e-18,2.52793135697249e-18,0.00521104729890907,0.0109535528838505,0.0997575140960426,0.157791213625686,0.257548727721728
"6","TCGA-OR-A5JB-01A",0.156614683712823,0,0,1.11106502332989e-18,0.118172404760949,0.0135429967165725,0.00131915783871276,5.42066378936677e-18,5.53837111657198e-18,3.56825034819476e-18,0,0.0643346515577611,0.114268178591954,0.036450460524634,0.0757145837170129,0,0.00647170066298345,0.00508211193720058,0,0.0446765056140421,1.55562696143825e-18,0,0.222217375590721,0.000582453699787937,0,0.0200552157949472,2.5563619855785e-19,0.0522958506809035,0.405767455173217,0.0714094983913996,3.46190153012556e-19,0.0510405201399958,0.0362600884423932,0,9.57368754102569e-21,0,0,0,0.0162340741899063,0.0402777134802054,0.076436467927935,2.94028109847717e-18,0.115970022264886,0,9.45563885651186e-21,9.2656387082479e-20,7.55794650042627e-20,0,5.39515441382652e-19,0.0911553217331875,0,0.0781731529654793,2.56430728510124e-18,0.00308621507181966,0,0.0886216107948314,0.00608158622249147,0.0284700649766534,0,1.10211248544108e-17,1.24504939346619e-17,0.151742157903418,0.316944507577439,5.83049877661915e-19,0.157658763493156,7.77813480719125e-19,0.157658763493156
"7","TCGA-OR-A5LA-01A",0.215994626196116,0.00627717175453348,0.0154085380160398,6.68472093944188e-19,0.0328713014788648,0.00688753723455528,0.0178687829446359,0,1.5119046624323e-19,0.0360023088392308,3.76928998748168e-22,0.017985853073734,0.04743977929381,2.01932384510153e-18,0.205030185136381,0.0231626177989533,0.0345690192117252,0,0.00697998058317423,0.0451808327380644,0.138098814186195,0,0.0280936626108117,0,0.0744658599825381,0.0135679291582925,1.62992374261338e-19,0.190557433973168,0.443783676668056,0,0.0785060012429888,0.0267112294020458,0.0223345564218844,0.0303379221734868,0.0200050854135478,0.000278448745269326,0.000493437023023485,0,0.0878829895558549,0.00598409874264078,0.0188554819947167,4.76650340318604e-19,0.0942280579198796,0.0865582427185721,0,0,0.0156470735853291,3.6073476054749e-19,0,0.0697654591666886,0,0.0188504488569032,0.0549387785468176,0,0,0,2.7633995019938e-18,0.000640467632251731,1.49277936815037e-18,0.0425013620722286,3.34910889935775e-18,0.00620655267159504,0.0149960760567927,0.0154270375796855,0.0858256550814057,0.109420922961633,0.195246578043039
"8","TCGA-OR-A5KT-01A",0.0788399395819847,0.00863255848737985,0.0204208245635184,0.0121703863801397,0.0385397440144093,0,1.0273411559396e-20,4.64438823418196e-18,0.00379145133946473,0.0131798496394072,0.00138910676772797,0,0.00298148033448071,0,0.132209866572127,0.0272621581761451,0.0279113402852755,4.02550488525741e-19,0.0134396446864343,0.0890411834094435,0.202212595741138,0.0217357203930963,0.013261941250189,0.0244892678339022,0.00440702499420591,0.0495174105090144,1.07944594250881e-20,0.199291119494561,1.10942335249915,0,0.110876457645717,0.0306628362224265,0.0331536410192248,0.0680395427860406,0.0019610295498063,0.00488377876402348,0.000504237255874704,0,0.0150454963386157,0.0433191350832175,0.110178736032453,0,0.180435616867182,0.136294502297039,9.42804719887711e-19,8.47735786454629e-19,0.016028104392092,0.00240792585337201,0,0.00811883736605572,0,0.0393227301310852,0.0108620659606062,0.00565386483119191,0,2.02906997372483e-18,0.0563615028169417,0,1.2750799284308e-18,0,0,0.00237709522554048,0.0285332621618003,0,0.178771878560492,0.107626089611362,0.286397968171854
"9","TCGA-OR-A5JI-01A",0.204776301806381,0.00658162942770647,0.00569521985735135,1.30494213915374e-18,6.36049595442478e-18,0.00372657476461738,0.0106827907799228,3.18241818916386e-19,1.50869466010041e-18,0.00965902148304077,7.01689790649691e-19,0.00850931839227149,0.0347409095158716,0.00383451874159552,0.123791731314876,0.0431363867998774,0,0,0.00430985177106336,0.0211102237078629,0.125214885578848,0,0.0198254645645555,0,0.2306715945129,1.47934734260448e-18,0,0.230632909018433,0.182624178935813,0.000889907146116367,0.0642959072716126,0.0105141128914896,0.0110545306092939,0.0132557714976112,0,0.00530129559898117,0.00246780973380256,0,0.0231849154281723,0.00145643445397133,3.98495232469815e-19,0,1.21295526602689e-18,0.0496633057612694,0,0,0.0146420162517229,0,4.05645217253559e-20,0.0331497319661845,9.5173294205572e-18,0.0130001377490375,0.23062260248939,2.89298306627203e-20,1.80245618651556e-18,2.88645907185623e-17,0,1.79235225400369e-19,6.92962229803673e-19,0.133250892465739,3.25196790104336e-18,0.00639043833210152,2.58763956020657e-20,0.0415900260086064,0.026755769994416,0.181234054759727,0.207989824754143
"10","TCGA-OR-A5LP-01A",0.0975742697663338,0.00229517697153199,3.77481223735354e-18,9.34254078155063e-20,0,0.00367713066168416,0.00636718013777591,0,2.83184571130874e-18,0.0389347892901524,0,0,0.00735803703817324,2.09132348583631e-19,0.0237226359925715,0.0228914918233879,2.28373594042539e-21,0.00038566863510516,0.00399058887082768,0.00431284855707631,0.099836571562924,7.11199015828684e-20,0.0664138530291107,0,0.10668736923494,0.0100514475020885,0,0.113842065069917,0.113947106115715,3.17770199617391e-06,0.0423201036335408,0.0276633606984589,0.0307338466607734,0.0237013077140188,0.0151173519648003,0.00301507765324363,0.0015130449683873,0,0.0292580597649913,2.2082031803169e-18,0.00970838337434605,0,3.6299694251131e-19,0.0346274939968854,1.20845236097147e-19,1.0241259122791e-18,0.0123530000242108,1.49709197626644e-18,0,0.130219556751539,8.64801106107411e-19,0.0166757516614807,0.234740037097622,0.00318558982112838,1.02772698883005e-18,0,1.71932143019039e-17,4.66892401883662e-21,7.1998158632302e-18,0.173778252054267,0,0,6.06801185986713e-18,0.0442414767768942,0.037867963063121,0.104409558884698,0.142277521947819
"11","TCGA-OR-A5JO-01A",0.251290787551354,0.0193860898214914,0,0.00784990397023286,0.0445976597574149,0.0154618400347439,0.0253532161379049,5.88374111395374e-18,1.71557613726903e-18,0.0385725346372555,0,0.0352044437794488,0.0607678860662479,0.0341087148910015,0.481586406137638,0,0,2.18239883229235e-18,0.0183406749031117,0.106513256055002,0.161516044766291,9.68503847982713e-20,0.0408034395212746,0,0.233867931124375,0.0525934609838845,0.00585562970583644,0.171287335479554,1.10872332550485,0,0.108210375641432,0.0260139177663593,0.0175608626875129,0.0148861324978458,0.0608011471518389,0.00161294675784066,1.94184093296558e-21,0,0.039142948427624,0.0105267633077952,0.0857128816045917,5.31051889599999e-19,0.0419033531197288,0.090763326728639,0,0.00864571084653665,0.000822458598161257,0,0.0286626433757562,0.0369979954568568,0,0.063826259109,0.220543126699027,4.82466009641529e-19,0,0,0,0.000302939759156572,0,0.0664364869827951,0,0,0.0341718475579527,0.0148994583988049,0.233838795802153,0.207385032856079,0.441223828658232
"12","TCGA-PA-A5YG-01A",0.0600283775194924,0.00934101415405014,0,3.16587963123024e-19,0,0.0198659697422022,6.4122845364199e-19,7.00318691627927e-19,0,0.0810867730590015,0,0.0215466890580744,0.0644918162889312,0.00523110005752819,0.098523557794951,0.0113225197081088,0.00330297400308063,0.00144808718920769,0.00674421616042712,0.0110491110342368,0.0790180940241792,0,0.0261464881632639,0,0.0590234410852697,0.0183952658677838,0,0.129395142624774,0.224980826715248,6.34205054259631e-20,0.0315852564725734,0.0331483307855655,0.028802829151243,0.0166281308847271,0.0390392301321039,0.00214671976075715,0,2.0025509342791e-19,0.0686112525783553,0,0.0251419524183362,4.42811658340013e-18,0,0.032671129912843,1.58323112041585e-18,0,0.014466858794591,4.70482863745303e-19,2.49659871295353e-18,0.101714090998701,0,0.0116272604735242,0.0409745783579284,0.00287644454022204,0,0,1.006460676998e-17,1.57799894269162e-19,0,0.153102837405978,0,4.13795923095694e-20,0,0.0413634205564708,0.0866168756188778,0.0736912746317495,0.160308150250627
"13","TCGA-OR-A5J6-01A",0,0,5.23817700477809e-20,0.0115063933466288,0.0120248938121902,0.000205361987573584,0,0,0.0211038600625915,3.20383170686527e-18,3.04333542311908e-19,0.0216253273142366,0.0165894436917904,1.17755551966717e-18,0.260457091467044,9.23890324260439e-19,0.00507256183509066,6.20058147181721e-22,0,0.0810197552432923,0.121446001800603,0,0.0133250526570182,0,0,0,0.00549201290071781,0.183324599327596,1.01291031069788,0.000495221610510348,0.0785826367576247,0.0445808342667284,0.0323522160240234,0.023886875475642,0.0281282129980181,0.00113502975347484,0.00532567918237538,2.94453513329202e-18,0.0240071012777127,7.41645940389973e-19,0.040325379421411,7.39538081051172e-19,0.0210701312011527,0.0742913721033856,0.00572135084502963,0.00396980263527423,0.00523880743978999,0,7.91284032367764e-18,0,0.0134327264349922,0.0268402234498491,0.122588529377287,1.6867676695388e-20,0.00284132649150131,8.49956835923978e-18,0,0.00200535672370535,7.23180613432868e-19,0.0873346573431046,3.03180509457956e-20,0,0.00391033988275089,0.00674207810063557,0.151457268393543,0.0607230009003014,0.212180269293845
"14","TCGA-OR-A5K1-01A",0.0484956387893234,0.00494109375577683,3.17832395862907e-18,0,0.0123347822530409,0,0.00319849642974327,0,2.59559052773579e-19,0,4.91200666940975e-20,0.00233023615259173,1.12691204463769e-20,0,0.020139120042741,0.00741167818955115,3.10838949084651e-18,0,3.26490180029848e-18,0,0.15023590788118,0,0.0677348636465188,0,0.0466292080290371,3.23957514983327e-18,5.43507167497445e-20,0.207713291376676,0.0849766932837217,0.000602920791307011,0.0847679628825198,0.0016716124825218,0.00600290978119335,0.00675716964780923,0.00680183505832501,0.00577413026632468,4.41068818113703e-06,8.4051990346345e-18,0.0416869160458123,4.97995285238912e-19,1.25935463329921e-17,0,0.0414484269418986,0.0917068674065671,0,0,0.011087589819434,3.67605298277483e-19,0,0.0873580733775742,1.10595757270115e-17,0.00780328810928158,0.0434126091509036,0,0,0,0,0.000928492081528034,0,0.112240185870747,0,0.00788869172959397,0.0300387509884433,0.00164531315250559,0.00720245579562571,0.100903104832997,0.108105560628623
"15","TCGA-PK-A5HA-01A",0.137190696058176,0,1.51696068428639e-19,0.000249053302583867,0.0491750998295802,0.0185484229093162,0.00470202448081254,0,0.0325109282271567,0.0218970885650042,0.000423719341792864,0.0201785784928431,0.0395134598151959,0.00313475788425226,0.203431722516743,0.0184570427818641,0.0185673041546953,0,8.14186978632623e-20,0.0731914904158838,0.123519718341946,4.3521918568449e-20,0.0232671166032753,0,0,0,0,0.0736517668587143,0.812437254414906,0,0.0462597384117604,0.0312808031705529,0.0240991943054091,0.00568572968225743,0.0207510570524079,0.00450677265636403,4.2434783587495e-19,0,0.030509066619996,1.40380588524948e-18,0.0610002028216809,0,0.0216739466703569,0.0718507577983232,0,2.4581572758091e-19,0.0176892503187201,2.74235596312869e-18,0,0.0397667463728294,0,0.0246032139345104,0.14835996155911,0.00291267896899582,6.1914074739842e-20,4.47390408358963e-18,2.43019552831184e-19,0,0,0.0361686538207105,8.50127096138697e-19,0.00673834406712115,0,0.065478900974013,0.137767456837302,0.0617598591709732,0.199527316008275
"16","TCGA-OR-A5LN-01A",0.112973897340467,0,0,1.89283265779125e-19,0.000127162755444528,0.00969933607715007,0.0402935194308767,9.33867831769549e-19,0.0189164668284821,0.0416361320551023,0,0.051998707117162,0.0781226888934393,0.024568120783829,0.0332735824742643,0.0105540516685614,0.012091981980407,0.00213176851320385,0.00428782310115919,0.00955323114394639,0.0865198465075921,0,0.0515940615967359,5.77879636798477e-22,0.0516892033331908,0,0.000561237616829702,0.0973710638994123,0.048864223770347,0,0.0377706466744471,0.0303118835565226,0.01761830086512,0.0310057515146672,0.0141296209808425,4.23545585700047e-21,5.56518144685496e-19,0,0.0270495162939718,0,0.0333060462176687,0,8.77360457543182e-18,0.0350098937080778,0,1.00064040144225e-18,0.0089916410695907,0,0.00848532603378545,0.0832599339475892,0,0.0433399559247137,0.174033131831155,0.00496719159863922,3.69139013041314e-19,2.2275450771229e-18,2.1054136343318e-18,1.69121517421578e-20,0,0.0489709796869395,2.74565017471726e-18,0.0191154092262588,0.012730194813564,0.0188265467431898,0.0985232100332851,0.0691045249203915,0.167627734953677
"17","TCGA-OR-A5LH-01A",0.0736109887171128,0.00076297244545964,0,0,0.0257219078370523,3.10572817049993e-21,0,4.99713348109709e-19,0.0119239621375112,0,0,0.00341752743250571,0.0169976122443701,0,0.0157183751616157,0,0.0260562547721158,0.00602036363847324,0,0.00342517104084052,0.0548996192554425,0,0.0346294581566906,0,0.015074482891564,0,0.0024435968162523,0.036216523114408,0.0860160701459731,0.0070075751687429,0.0192487527708115,0.015765804509324,0.019781406750433,0.00733778039460154,6.85088435382772e-21,0,0.0113669515379689,3.79511930867141e-19,0.0162423592913956,0.00245758658252366,0.0106757981388042,8.81879982772519e-19,0.0545129104851841,0.023301428945778,0.00617476760994555,6.19573131658774e-19,0.0603958028246847,2.29328814489448e-19,5.56742408330356e-18,0.0256501274312783,0,0.00576938359679023,0.0222163603640725,0.00348309181471447,1.09225962333489e-19,3.28781193796568e-18,2.13823686038729e-18,0.00484316725731291,0,0.0756789918012047,3.05855115136836e-18,0,0.0100983685590763,0,0.022189534080983,0.0353685372962331,0.0575580713772161
"18","TCGA-OR-A5JD-01A",0.103626365508664,3.80171281398123e-23,0,0,5.99095548382097e-18,0.00910746504102676,0.0174257317641581,0.00381420684092297,0.00759376260555587,0.0262267238097245,4.36148499675463e-21,0.0144498823515643,0.0260576057143679,0.00237556039881617,0.0788240720577239,0.0204727461629449,0,0.00435703193070373,5.47193897283201e-21,0.011234330279493,0.0435428574497748,3.22072217814825e-18,0.0135538771204061,2.31981961755862e-19,0.0217747281406753,1.19034010447376e-18,3.17139510657179e-19,0.0641535136659013,0.0711118992481072,2.64655623583621e-19,0.0173307189517868,0.0224334678780614,0.017480264859115,0.0308270986408469,0.00247558444432262,0.00176488115332213,9.57605432434007e-19,0,0.0337683264848021,7.28722940462778e-18,0.018194430611896,2.43247568491551e-18,0,0.0126743412105985,0,7.10143595829832e-19,0.0156035612794157,6.57614794301838e-19,1.0083215547393e-18,0.126903028323707,0.0234640120739801,0.0141768725275666,0.103125366823926,0.00409293715955806,0,8.63161092112607e-18,7.4788234304643e-18,9.78204198722617e-22,2.52963794885073e-18,0.148865410689683,0,0.00723082868806956,0.00329165439951542,0.0445273369934961,0.0484012682708402,0.0326587927952251,0.0810600610660653
"19","TCGA-PK-A5H9-01A",0.0657788019879767,1.9045303471124e-19,1.10017556047227e-18,2.09022558803466e-19,0.000733539625033208,0.00179617673370684,7.07970076812094e-19,2.06244033243105e-19,3.83944811096327e-19,0,0.000613090334329572,0.009424528820634,0.00777309174189897,0,0.0569283880415929,0,0.00996963576596811,1.27640346491104e-19,0.00105264967599592,0.00600227184118186,0.0775946420563878,0,0.0580231761024231,0,0.0775495401888129,0.00179749355884977,0.0244293433541624,0.132065514157938,0.0425020698840224,0.00026299908482769,0.0555300449815648,0.00390270813423061,0.0136699023481667,0.005446096011623,0.0175823413893921,0.00296771957054418,0,0,0.0150235813043707,0.0308065448909865,0.0137177690754593,0,1.61453619143569e-18,0.0367308228808762,0.00170603289097888,0,0.00202304242593305,0.00296520421823695,0.00185497225514367,4.79487778532419e-20,0,0.0291565548390254,0.142798093484225,5.65326168078807e-20,0.00210138423717029,0.0318466948523009,0,0.00118804830310947,0,0.070328979484983,0,1.50645721390923e-19,0,0.012624715860052,0.0369665304895191,0.0775720911226004,0.114538621612119
"20","TCGA-OR-A5LR-01A",0.0435653622348256,0.00276195352646512,4.19010428222921e-18,0,0.00745027314528172,0.000789814580777402,0.00431551234823553,0,0.00487162726355371,0,1.95665822858067e-19,0.023318317230734,0.0109106449915434,0,0.0868432003760164,0.0130450701633011,0.00616281254393857,0.00370918330126972,0,0.00238039497900045,0.047923795932822,5.07118404421139e-21,0.064579451939316,0,0.078908310321462,5.61616450653518e-19,0,0.0872523382096024,0.0752345022331039,0.000479514129059912,0.0222129664606813,0.00601860155684602,0.0135095732212159,0.00289790266012487,0.0144566621395554,0.00228949033792972,1.10858918436018e-19,0,0.0185757644477136,0.0180904103598242,0.00296717032678014,3.88936845546508e-18,1.45840890606244e-17,0.0282077158702214,3.53464959867013e-20,1.2751809167772e-18,0.0143865482279328,0.000565229823826276,9.68569149175849e-19,0.0202196754834311,0,0.012667097572275,0.0983526528505061,0,0,0,2.98601615047826e-18,9.97212210073176e-05,0,0.246315731672973,0,4.31056811271281e-18,0.0244092841882033,0.0148099501309646,0.0331375840378282,0.0647970298903746,0.0979346139282028
"21","TCGA-OR-A5JR-01A",0.0501382619881767,7.7792342527812e-19,0,0.00627650144758214,0,0.00552018262776201,0.0174148982438228,0,0,0.00964488073055356,0,0.0169256947258183,0.0192162699392403,0,0.017362187242242,0.00830013126310086,0.0242649478391535,0.00297513852605475,9.44005320886426e-21,0.00434595127164949,0.037953153237424,0,0.0243862237125923,0,1.28388976349319e-18,0,0,0.0441535707797412,0.0393041629123347,0,0.0135303620157739,0.0120188777715501,0.0110718283510221,0.0113693926316869,0.00393185278450745,0.00158522400193014,0,0,0.0223308359171052,0,0.00328090207953391,0,2.28665435752974e-19,0.00479633747875017,0,0,0.0134015501166752,0,0.0217671168506649,0.0925863465783465,1.49369801823656e-21,0.00803978603169789,0,0.00286151898620062,0,5.56960353076843e-18,2.74796776087887e-18,0.000368730472172389,9.43209738428989e-18,0.232205242604105,0,0,0.00739897221939346,0.0315392261730779,0.0456979312875375,0.018976576618712,0.0646745079062495
"22","TCGA-OR-A5L9-01A",0.290121435222191,0.00337989897868024,2.78875603783682e-18,2.5684887360175e-20,0.10480074374581,1.77791271277455e-22,0.0378840839197491,0,0.00960933886536246,0.00519327290497282,9.28098476946468e-20,0.000154015607130775,0.041345956779744,2.79770903752076e-18,0.0995035230352478,0.0497204304652245,0.00378606113870869,8.97799160825805e-20,0.00984693066144694,0.0325090679845208,0.1090484921934,0,0.0370728462101036,0,0.142073033778563,7.99334824009915e-18,0,0.139640241009461,0.253316408466492,0,0.0711908809738676,0.0202156771463188,0.0251017295893793,0.0195555883285296,0.0320345067891856,1.7555589275872e-19,0.0002514000625876,2.40143499076514e-18,0.0253780286396368,0.0171349568160282,0.0214410893704293,0,0.0501358007017946,0.0776184466999117,0,0,0.0227081132601918,0,0,0.0582549433015514,2.08440990416423e-19,0.063796978097901,0.0603324237087467,0,5.38041585929505e-18,5.29399507641161e-19,0,0.000237169824077921,0,1.56748665828659e-17,0,0.00721811102451947,1.36494828554793e-18,0.00442745214164467,0.0709029045983902,0.127250712475322,0.198153617073712
"23","TCGA-OR-A5JV-01A",0.0960574603535863,0,5.72763002500512e-19,0.0245872277731107,0.00937261945998687,0.0326187500735216,0.026518514878662,0.0162332772219275,0.029658972956011,0.047914645055335,2.77244136449149e-20,0.0173126169253525,0.050697582539468,5.32022878139573e-19,0.0679815297746406,0.00498302341094471,0.0608401132352062,0.00484562948750442,9.23448635970494e-19,0.00413730266762517,0.0433582088104489,0.0025536927699147,0.0197738067952612,0,0,0,5.71355178256799e-20,0.0166695889285683,0.0585003576064861,3.11037344327432e-20,0.013798666977756,0.079182993382882,0.0564817229965614,0.0255734928872431,0.0234308938290013,0.00107335112523612,0,4.70973774339579e-18,0.0160984272142706,0.00428192317300979,0.0957997882464089,1.00776167948302e-18,4.62684499560688e-18,0.0113461630799723,0,2.79047708401479e-18,0.0344394302279579,9.68478021960779e-22,4.11868739407758e-20,0,0.0015260072132166,0.0181079524149993,0.0105166297637742,7.2846458281851e-19,1.28845665781387e-20,0,4.1824745656828e-19,0.000701158790324243,0,0.205439923735128,0,0,0.010365871003995,0.0291740803120705,0.175491861877482,0.0216791044052244,0.197170966282706
"24","TCGA-OR-A5JZ-01A",0.0176529408254999,9.97198784359641e-22,0,0,0.0182302520629835,0.00261021063483798,0.00175088233375514,2.1645319573991e-19,0.00851547400579049,0.00807345178226495,0,0.0199073475666296,0.00975961420735826,0,0.024765619437577,0,0,0.00185574110084103,5.89706462910141e-19,0.010543117919594,0.0471198060100785,0,0.0868338385870051,0,0.00243385470046155,7.83643169910561e-20,0,0.0521919073974298,0.178185872323214,0.00279660784470958,0.010556225860581,0.00567572020431415,0.00802064344821343,2.6201332768687e-19,0.0200088116674355,0.00297193873586272,1.81289643051255e-18,0,0.00794255356435185,0,0.00222481646036319,1.40510337875466e-18,0,0.0247444747515015,0,4.45000454065771e-05,0.00866267039931884,1.84292733968724e-20,0,0.0495164568450535,5.62298044094295e-19,0.00751576984600666,0.0204789698375697,0.00401222238377195,5.91395363100802e-20,0,1.90982889294313e-18,0.00222934048863583,1.24549551743889e-18,0.267754786149112,1.96998313927097e-18,0.000559922143768983,0.0132252489161888,0.0271471729025812,0.0389065425455576,0.02477683035527,0.0636833729008277
"25","TCGA-OR-A5L4-01A",0.0640481844106503,0.000475630880969094,2.84109631459213e-18,1.05887998387581e-19,0.0151926668062896,0.00190203969742244,0,6.88466572902803e-18,0,0.00181865047306506,0,7.76324433957565e-20,0,3.48898456523802e-18,0.0465286592191117,0.0106914993044797,0,0.0158343533182592,2.72736105893126e-18,0.00211209105069277,0.155472377584767,5.75018504059291e-19,0.0297577872068956,1.04318943321551e-19,0.0374998412614028,0,0.000488047830129059,0.116754904839133,0.0772411100369676,4.57063642261476e-21,0.0668472971232052,0.0124937153376166,0.0179262863292345,0.0068518757844376,0.00187494698612057,0.000650621568680488,0.00182733886778325,2.36206541362296e-18,0.031473612700257,0.000146869648685485,6.34089224231008e-20,0,0.152620115692312,0.0765636915369769,0,2.00708775379152e-18,0.0140930696479078,0,0,0.0751875275031601,5.85774840769491e-18,0.0204448312742127,0.0973544678184341,0.000673279103323622,0,0,2.50968319381698e-18,0,0,0.0834477451271706,2.09070926693956e-18,0.0147907958345898,0.00471938552295714,0.0128101580441221,0.0109871689162867,0.0967239248635696,0.107711093779856
"26","TCGA-OR-A5JT-01A",0.010146456627015,1.74401610036311e-19,0,9.39704348575527e-19,7.3264802560362e-18,0.00196051385354964,0.00797594492211497,1.03103034341026e-18,0.00810878914888359,0,1.46377668200455e-18,0.011192844963117,0.00318293715774853,0,0.00795736756441181,0.0141999852530128,0.0347112205437627,0.00204493591775971,1.54935955389958e-18,0,0.0573998985760012,1.41147696837318e-18,0.0641633794632097,8.54348454439708e-21,0.0370143784610596,3.40371993918917e-18,8.80850473880724e-20,0.0854826568691468,0.0362346358497904,0.000766470353634527,0.0201278580350796,0.00318732583318031,0.00288717964882365,0.00664828984511432,0.00417765159884782,0.00424864992451384,0,0,0.0183355164761881,0,0,0,3.17341782458393e-18,0.0227830486588617,0,0,0.014018401762881,0,0,0.0787898946642784,0.0181893991653019,0.00481695422220152,0.0652473310391782,0.00144404066197925,0,8.18088448422679e-18,1.35452538819647e-17,0,6.79748404976398e-18,0.221591286716454,0,2.31939453156023e-19,0.00554493931103617,0.019807773714328,0.0123718815967634,0.0472071385185304,0.0595790201152938
"27","TCGA-OR-A5LT-01A",0.0430591827747206,0,0,0,0.0324348976574053,3.608940577574e-20,0,0,0.0186804735986163,0,1.05477290912816e-19,3.84480464426558e-20,0,0,0.00416593489528633,0.00768711003005537,0.000662697035912528,0.000569382210097453,0.0102222576157159,0.000289786569697198,0.00325053543399998,2.07553042823853e-19,0.0104876908906715,0,0.0695496271737664,0,0,0.00106241235945161,0.018013550378627,9.35019837325254e-21,6.96732734436553e-19,0.00108719287363484,0.00492008368260441,0,0.00619253604057514,1.90785583310033e-05,0.00539137138739886,1.14196514566797e-19,0.0166580948564605,3.31941537961321e-18,2.72267880697174e-19,5.74556376646606e-19,0,0,6.32888839165256e-19,0,0.0172035347391306,0.000477295824194074,0,0.0372556421696304,0.000541354212768285,0.00454453265320363,0.0493408361122141,0.0118467386382957,0,4.31737505813227e-18,9.44224069966219e-20,0,3.82621489096058e-18,0.196735380759699,6.85175599946665e-20,0.0237793213985344,0.00301336015482504,0.016801866800759,0.0053645408720675,0.0364000813038832,0.0417646221759507
"28","TCGA-OR-A5K4-01A",2.12919821520729e-18,7.70135987172268e-20,0,5.29562861114399e-19,0.0403988254447425,0.000598447355828472,1.4370523004551e-19,1.63651555468947e-19,0.0104500190710847,2.44094612009715e-18,4.98864383496245e-19,0.010944989525983,0.00164784866938822,2.50069419577166e-18,3.36241859522207e-19,3.05409856158863e-19,0.0458639404400406,0.00502791624693216,0,0,0.00766613247390006,9.15485295761253e-19,0.0338027375821237,0,0.0318503756922484,0,0,0.0285577049875811,0.00358094832492654,3.13820444183081e-19,0.00287514387976292,1.00789051299068e-19,0.00228403934615618,0.00213213767788541,0.0113970999266101,0,4.14806443986917e-19,0,0.0277920893499628,1.74592658637386e-19,0,5.50397719517699e-18,1.76305021766522e-17,0,0.0020972189441134,3.91513483304144e-18,0.0205109108796447,0,0,0.0294217898803431,0.0283860219461127,0.00168702589875218,0.0239916610273883,0.00015605489952535,0,8.46231833905761e-18,0,0.000256816555154339,2.96357026820257e-18,0.234679687890011,9.1717457171495e-18,3.07008738378398e-18,0.0780694544205641,0,0.0148947263017287,0.0197582540830742,0.034652980384803
"29","TCGA-OR-A5L6-01A",0.0739349863879236,8.85295274558375e-05,0.0232520287742595,4.84765922477538e-19,0.0406538590467112,2.21090733580818e-21,0.0176826777365663,0,0.0320319459232096,0.012700989015418,0,0.00111298715126215,0.00806333363853001,6.86027306632264e-19,0.0217723675695838,0.0120016539268388,0.00256517785038949,0.000200167906817717,0.00012457942130933,0.00209850259651258,0.0946079155539334,2.46285574964892e-18,0.0603095325948877,2.14105266805368e-20,0.0428560544694591,2.91265722400412e-18,0.000851503321657273,0.0880889379627371,0.0420094148800956,0.000608647054667995,0.0468780983459895,0.0106828191659177,0.0145627762544457,0.00365703288911759,0.00627349898399758,6.13033729501021e-22,0.00315007788390144,0,0.03881080531689,1.88319470896746e-18,0,1.13170006004046e-19,0.00811119211527929,0.0412169429332949,3.98154363959353e-19,0,0.0158031789467959,1.00906863268316e-18,1.03441762559249e-18,0.0615969516062245,0,0.0185799746466868,0.11779103008509,0.00389356665160051,0,0,0.019843923746844,0,0.00112565890606014,0.044786397757659,6.67023939334433e-18,0.0574397809133998,0.0143474858520681,0.00533872748831764,0.0134452052651267,0.0687762497754241,0.0822214550405508
"30","TCGA-PK-A5H8-01A",0.0644706229215313,9.42451228273148e-20,3.25266754958933e-18,0.0389531916766338,0.0050305004390608,0.00865863495310335,0.0133176611465314,0.00606757567911196,0.0170113393029346,0,0.0011767311841702,0.00679236543603547,0,1.74780652189565e-18,0.00126525688440143,1.18053007478597e-18,0.0038070600737965,0.000941437796571152,6.23390423419807e-19,0.00116989851676016,0.0375556005790983,0.00243445870539362,0.0216927254080942,0,0,1.5390482269906e-19,0.000441250701492877,0.0306908295446017,0.0726540781529844,0.000307668434278373,0.00863068648574168,0.0360386291216777,0.0273004787750747,0.0144140397902629,0.0188281570143236,8.18913151201665e-20,0.00137773298633812,0.00467092119658539,0.0371560478092858,0,0.0210755303778235,0,0.100194115019585,0.0122085130637846,0,0.00306697490164383,0.0167833118254308,4.58454945870359e-19,8.50477534993917e-19,0.0237924839632598,0,0.00729915657557596,0.0664106629894828,0.00244109539519838,0.0061069497766813,0,0.00908595689559638,0.000785075826358691,0,0.0357765584302227,0,0.0158259656014302,0.00429708949123617,0.0312447083071132,0.0875732043518399,0.0187778002895492,0.106351004641389
"31","TCGA-OR-A5JJ-01A",0.0532909815043369,0,0.000663994307020057,0.0456409572838327,0.0528101069733666,2.23444089848934e-21,0,7.26940955490803e-19,0.041498759671473,1.07366666539094e-19,0.00565140770456674,0.00484768644769144,0.00305096526671839,0,0.00437159720989939,0,0.0319056201750949,0.00852217932170496,0.00120826951230445,0,0.0119080806649213,0,5.63073851380565e-20,0,0.0112951710839963,4.12554832192125e-18,0,0.0238335404389902,0,1.25410205587789e-19,0,1.42327779346186e-19,0,0.00341663696094075,0.00256022914591008,1.02428337554811e-19,0.00489238496435868,0,0.0469551004712509,0.0271321733608073,0,1.59580377283062e-18,0.251580699951512,0.00823173401070573,0.00629307985156493,0,0.0247634628605839,5.40293950955053e-19,0,0.00581016687232447,0.00181118872541177,0.00462654552912343,0.0136332015044851,0.00769420888844255,3.26436147577266e-19,1.18789097693488e-18,0.0400349973069468,5.84488516767919e-22,0,0,0,0.0462990177947402,0.0264943099690314,4.17382310726009e-18,0.0353659152516228,0.0116016258744588,0.0469675411260816
"32","TCGA-OR-A5JL-01A",0.0488371610340766,2.02961957815287e-20,0,0,0.0158560542170512,0.000621969687801114,4.23341078933305e-18,0,0,0,0,5.32432283578337e-19,0.00111810085913044,0,0.106189913131314,0,0.0176782787959345,0.0198623235682494,1.82026182966327e-19,0.00408651929225275,0.082435351661014,8.77913914039885e-20,0.011227350353918,0,2.85290338383424e-18,0.00226858741427056,0.00335848739181559,0.13668904418163,0.119630244855611,0,0.0238175673119723,0.0347040440764259,0.0188835779525596,0.0315084158946623,0,4.4663155856904e-05,0.0055137601650635,1.29744298774233e-17,0.0205662426410201,2.3921877178354e-18,0.000854430419880258,3.60842394010037e-18,0.0323092458936391,0.0366343957258578,0.00449556963047137,0,0.0192640237191752,0.00210413528521746,8.90427831299824e-18,0.014381422922429,0.00993576465322679,0.0300311639984554,0.0494861946569799,0.00838511599237657,0.00182158561748657,0.00447629191629095,9.34574996333033e-18,0.000605388676507037,0,0.126803083252596,4.68933633639516e-18,4.19233373534915e-19,0.0370052044915495,0,0.0278327527158509,0.041217675830507,0.0690504285463579
"33","TCGA-OR-A5KY-01A",0.0667057448409116,3.25423241055933e-19,0.018152357256623,0.00407778063576478,0.066819263924927,7.12627732775558e-21,0,0,0,0.0365295036699825,1.41725131846095e-20,0,6.87787726068583e-18,0,0.0847357853250575,0,0.0181680593695457,0,0,4.14912687324409e-19,0.0430421108196313,4.53851939223412e-18,0.000898441104418873,5.98553039035162e-19,0.0299614393688026,0,0.000479688611133036,0.0494912025380468,0,1.52943617405843e-18,0.00787250470463477,0.0217027760724249,0.0232728212298505,0.0023803720014851,0.00409188401922006,4.92253208760298e-20,0.00157410897298569,1.20353733853707e-17,0.0372711770380557,0.0263280010753742,0.000592287455031009,0.00181928801433773,0.204232299972372,0.0255161729537647,0.000463384339826603,0,0.0291812005479993,5.133213440964e-20,7.50783339995211e-18,0.00589817943062806,0.00553849395485234,0.0186790948253177,0.0644205851167793,0.00640669347495039,1.5904222116677e-18,0,0.0414593150049029,9.28450396856103e-20,0,0.0224965537905893,0,0.046604809441797,0.0730091015567131,5.39072838637453e-18,0.0203098187882938,0.0365017750942169,0.0568115938825108
"34","TCGA-OR-A5LC-01A",0.123116283106271,9.37235169960029e-20,4.86817863518712e-20,2.25934015867989e-18,0.0213145558709674,0,6.63483841174675e-18,0,0.0326158569914664,6.15617391389783e-19,1.02258276444947e-18,8.96123242549594e-19,0,1.78718165598014e-18,2.69578061587354e-22,1.10492860325044e-18,0.0289084458297722,0.00374132075267271,0.00127475488327705,1.77187884641528e-20,0.0338277294147938,0,0,1.73200865082453e-20,0,1.14713897151621e-17,1.31037383524706e-18,0.134798416093429,0,1.05375183045787e-19,0.0241796043986681,0,0.00394968047269631,8.29997264963133e-20,0.000227152573241768,0.000102884419698836,0.00164033056965114,0,0.039725370946747,0.0331496458249422,0,3.39240349456664e-18,0.386452012287788,0.0236216637791027,1.00041515211359e-18,1.51279256652535e-17,0.0123701702052831,5.61436513151973e-19,0,0.0445200448909469,0,0.0273761599562416,0.0258791733259291,0,2.5856731584053e-19,2.18902901603728e-18,0.0256847510314334,0,0,3.29267511212291e-18,0,0.0253463454371682,0.0964860317370985,5.53268766684483e-18,0.000151435048827848,0.0169138647073969,0.0170652997562247
"35","TCGA-OR-A5LJ-01A",0.186337022674591,0,4.54222047254532e-18,0.0457070918814169,0.00845992276174749,0.00730112107443835,0,0.0121370196982905,0.0807106882858918,0.0243179709437532,0.00235925424167877,0.0156806994888427,0.00796431796042939,0.00099786730783005,0.00312872006529834,8.78663324186235e-18,0.00031692562925755,0.00529385473840849,8.86300120912804e-21,0.00874946799503667,0.0250808780312046,2.72965921443368e-19,0.00498741345945069,0,9.31736382645733e-18,0,0,0.000599660155939879,0,0,0.000931334463314729,0.00698038413670882,0.0145707193461474,3.65537033477416e-18,0.00910848902988107,0.000246788933383191,0.00394310961172016,0.00804875461596908,0.0131204583026613,0.0467933636754436,2.02140908333999e-18,0.0171086374724232,0.195655237063179,0.0118080496912494,0,0.00245110697472786,0.0191481252999876,3.97224434807186e-19,1.44079886209277e-18,0.0487772399047328,1.8395528957723e-18,0.00618784420747873,0.0505638910483048,0.0190291321821995,0,0,0.0426614965008293,1.56049693430555e-20,0,0.0197417496752221,4.6495072516389e-18,0.0117520967427515,0.0592427952157132,2.79188308016968e-05,0.0655754348201178,0.0125404390156023,0.0781158738357201
"36","TCGA-OR-A5JA-01A",0.0560515029553128,0,9.86107624768297e-19,0.00456288136506171,0.0728152120251936,5.8410281043543e-20,3.97156916035825e-18,0,0,1.27710093728266e-18,6.39417134409355e-19,1.82881973247554e-18,2.87114937355883e-19,0,0.0192766299297699,9.57300989479216e-19,0.0058068312577143,0.00706945058765751,0.000634603080504567,0,0.0120504122731775,3.07482171155292e-19,0.0285385755474345,0.000392920882676565,0.0218953097956483,0.00269950636728606,0.00163470239954375,0.0117353641121854,1.55281879569326e-18,0,7.2630621547401e-20,0.00661415947783231,0.006208887644517,0.0162628889902211,0.00719055122850763,0,0.0024966417194657,0,0.0241399411499217,0,1.00210383749379e-18,0.000716808409732265,0.179341766132071,0.00854348381123985,0.00299656773847872,0,0.01761958720502,0.0010147399262132,0,0.0356410295134383,0,0.00647577981369602,0.0540622597524134,0.0131183461718595,0,0,0.0167990702384286,0,0.0022342185755614,0.0201803227383487,0,0.0330232517816706,0.0474385661869985,0,0.0129215546650766,0.0169728610344129,0.0298944156994895
"37","TCGA-OR-A5J1-01A",0.0810453555422296,0,7.83817742483222e-19,0,0.053225515587969,0.00525824307693619,0,6.54583456240663e-20,0.0524996664692122,0.0405956203897909,0.00125964772402876,0.00884513006399562,0.00586008024514329,0,0.0251748675307213,3.68532294278059e-18,0.0262009610248627,0.00265625184321369,0,0.00554554846465504,0.0235143254370329,0,0.00601002527236934,8.51104838363006e-20,1.38869934891532e-17,4.35623533451338e-19,4.636634261113e-21,0.0376764227736791,0.0305767126775328,0,0.00836279192234128,0.0205474453355371,0.0189369820561844,0.00904365838410722,0.00601489966618778,5.86532303036958e-20,0.00293082276851017,0,1.89482414152871e-18,0.0429678399357279,0.00393675878367132,0,0.199804277270968,0.0200038477226404,0.00288634973344206,1.70280284549276e-18,0.0226009568332797,4.38166399383564e-19,0,7.6065243890594e-20,0.00171069420306816,0.0641155032779703,0,0,4.5175018127516e-22,0.00145239099148076,0.00132065099480574,0,1.57265318990188e-19,0.0614290804601556,4.8288638261228e-19,0.00699026350629566,0.0151185358973196,0.0233467337378026,0.0299265215426979,0.0117571627185165,0.0416836842612144
"38","TCGA-OR-A5JP-01A",0.0341205290821708,0,0.0711508460522787,2.12228892936519e-18,0.0335535216211762,3.52950060995741e-20,0,5.64626167071786e-18,0,7.7128186786317e-19,0,1.42688280419192e-20,0,1.34862925456965e-17,0.00552583266299698,1.10224834517487e-19,0.030878888965943,0.00291057689781208,0,2.84743174992089e-19,0.0348738204623533,9.01536769590028e-19,0.00385885365381816,1.55461649907821e-19,0,0,0,0.115567701234003,0.00360038911385835,7.15198308779632e-20,0.017207529925605,0,0.00819502701825569,0,9.14508723170169e-20,2.01340892586327e-20,0,0,0.0327212176785348,0.060390535907419,0,0,0.204099616959771,0.0275935298095668,0.00214408261041189,0,0.00946740834520549,0,1.92881543879114e-18,2.41987795096233e-19,1.30350779823193e-17,0.0574149512915341,0.0666537180222052,0,4.78568172561028e-19,2.40565847468632e-20,0.0123681469021777,0,2.95065961488344e-19,0.116293041729388,1.05944528148037e-18,0.0380036181866124,0.0959623289972607,0,7.32624378921017e-18,0.0174369102311766,0.0174369102311767
"39","TCGA-OR-A5LS-01A",0.0562190999951673,9.37437739441281e-20,0,0.0147437912527848,0.0283415147600099,0,1.66871714773676e-19,3.19685322605536e-21,0.0252574633714547,3.95033033819347e-18,0,0.00515555888086832,0.01252081990862,2.77681156028983e-18,0.0269622525571043,0,0.058217043996553,0.0103280220684425,0.00232347952915536,0.0020119892870381,0.0328846851886636,0,0.000989858116511541,0.000106964913129233,8.28002835900376e-18,0,0,0.0332907089880462,0.0100581490876008,1.26201207082583e-19,0.00454097259108615,0.00273888881166024,0.000502292893455513,0.00229928286425676,0.000144425702261508,0.00153444119084327,0.00964147350750208,0,0.0314747418051165,2.61881200023008e-18,0,0.0102101446243022,0.137397941052821,0.0211296482541738,0.00479993818568926,0,0.0293478482730602,0.000150028310472013,3.93536605895771e-18,0.0093764899816935,0.0056662124712924,0.00500849661976802,0,0.0251544295237554,0.000823828150949035,0.0147435956791414,0.0125089745918053,0,1.23958789673296e-18,0.104031355377149,4.31317804199678e-19,0.0156716993733492,0.00982855312429999,0,0.01662978816339,0.0164423425943318,0.0330721307577218
"40","TCGA-OR-A5JC-01A",0.0686611363345715,0,0,0,0.0199231158363507,0,0,8.8993775078535e-19,0.0356444959624257,1.56035357899752e-18,0.00189072309331191,3.12098342015113e-19,1.14143625748083e-19,0,0.148089889936728,0.00965959581095992,0,0.00803445826770193,1.7707912989987e-19,0.0138037758329621,0.0873881263823345,8.31931451513432e-20,0.00748732784251234,4.54118058426926e-20,0.0666742937549989,0,0.00117505510635225,0.1581975114222,0.147785784948021,0,0.0314323505477276,0.0117409491475488,0.0144854413107819,0.00227496054830612,0.00311989385238299,0.000108352946139915,0.00425831366133014,0,0.0350761956236336,0.00688671024760292,1.20608487242104e-19,0,0.11699716700649,0.0415128142031974,1.17368788803273e-19,3.26992348334401e-18,0.0201381739286372,3.37362771371663e-20,0,0.00603435258352154,6.05377277547646e-18,0.0114553153507691,0.101249741815227,0.000234155299624297,0,0,0,0,5.41161584961258e-22,0.105772174773898,0,0.0281023621732881,0.013567283805755,2.40071511111982e-18,0.0191097458885959,0.0770312100686667,0.0961409559572626
"41","TCGA-OR-A5KZ-01A",0.0495437041956968,7.66227118775783e-19,0.0348514345216174,3.96817275427802e-18,0.00362329036414729,0.00498804218665088,1.29260524316641e-18,0,0,0,0.00189286411476155,0,0.000552209469719859,1.07428265628423e-18,0.031740533614768,0,0,0.0141674865889268,0,0.00118952351649919,0.100623066010536,1.06906742372227e-18,0.00584844514567265,6.53496190259798e-21,0.0095331253698499,8.4757180498377e-19,0.00179079723669979,0.210279060898219,0.049793249424713,0.000581716226101596,0.0514148301832279,1.0099538412325e-19,0.000908681555520722,6.01126618635228e-21,0.00418330964013722,0,0.000525749212604675,0,0.0331524160028843,1.8494107824555e-18,0,3.77614927335072e-19,0.33485298706022,0.0403523777020768,4.48074222831791e-20,6.22295632169574e-18,0.00674712679933525,6.0876026254581e-20,0,0.0264815113919568,2.75671155063158e-18,0.0129870117688219,0.156066391420962,0.00543573860207885,1.43784772348713e-19,0,0.0214131254250657,2.05872182132229e-20,0.00393530498076213,2.35215656330298e-18,1.94189736157515e-17,0.030683681954542,0.20449324447444,0,0.00358188877109094,0.0550780956901932,0.0586599844612841
"42","TCGA-OR-A5LG-01A",0.134009540269199,6.95889500969049e-21,0,0.00537722110651992,0.0718488551948358,0.000997015594255526,0,1.97008014408765e-18,0.0163426817425825,0.0403857099307973,8.09099910020957e-05,5.29831080742556e-21,1.50406490244727e-18,0,0.00562931079607393,0,3.51365007971009e-19,0.000303509468476856,2.29136435996792e-20,0.00874494717294461,0.0198005307989505,0,0.0395696592750777,0,0.105133438121294,0.00480157224370381,0.00158798711857108,0.0547692614718295,0.0853838387938964,0.00651360494007296,0.0055293744692612,0.028742789263768,0.0332121330755799,0.013627765477037,0.0132902285334617,3.50821910062526e-20,0.000942984670856645,0.000213061713274978,0.0194222899344412,0.0469814484613412,0.0207762191645103,1.30959566206514e-18,0.0877160150156726,0.0232709771418813,0.0116308542342591,0,0.00413639625122479,0,0,0.0250129998764089,0.0229405028237508,0.00901268403554972,0.08372805694731,0.00582294880656789,0,0,0.00728300978157325,0.00111148198660686,0,6.91946582105571e-18,3.30271743270111e-18,0.0067025137766517,0.0292298290160864,0,0.0512876034941363,0.0624669844601224,0.113754587954259
"43","TCGA-OR-A5KU-01A",0.00247297779853997,6.15345923809943e-21,2.81175593710226e-19,0.0108614356961788,0.0537258872760518,0,3.7779683843923e-19,0,0.0673777232079527,3.25547787725488e-18,0.00364491914299405,7.22870089586051e-19,0.00370184462432821,2.44074066706584e-18,0.00428063391863779,2.1987786697189e-19,0.00857151605123045,0.00793496449254091,0,0.00279018821681199,0.00449199726640061,0,0.0117345662725584,0,0.105229734293104,0,0.000789462689625516,0.000259797506481843,0.0928740047409693,0,3.22233546659822e-19,0,7.65241693875095e-05,0,0,0,0.00873322536805069,4.26725302670494e-19,0.00789366445336324,0,2.37646224339565e-19,0.00381746141078354,0.192650768356626,0,2.16924152002082e-21,9.82017526991801e-06,0.0305197894701885,7.80835275778002e-19,1.30591557611147e-18,0.00958177809649978,0,0.000838556921052886,0.218638405591901,0.0147819101526889,0,0,0.018691617630581,1.4359425202416e-20,1.66692775927402e-19,0.0814288842087897,1.341084265186e-18,0.00468248084197845,0.00525619053548556,3.57179809940129e-18,0.00910108260866056,0.0548608657797525,0.063961948388413
"44","TCGA-OR-A5JS-01A",0.0429825617854147,0,0,0.00177353093842904,0.0214605571172384,0.00136107546018412,0,5.25095868706946e-20,0.0342440558383393,0.0576384712749395,0,0.00238231515194495,0.00232973839679575,1.36673290680848e-18,0,0,0.00679493921258877,0,0,0.00121252591596448,0.0168998573457246,1.11739976657726e-18,0.0107511711297595,0,6.21708757093725e-18,1.88752650119093e-18,0,0.00740776769985489,9.35358607918134e-19,1.57882623796196e-20,0.00199955288142083,0.00295717401801344,0.00562152416628253,0.00223736879789071,0.00589407366737576,0,0.00213231420074709,0,0.0216996155838326,0.00838082343182832,2.70767394784219e-19,0.00977493640746562,0.0942971335574245,0.0169680350763917,2.82097591694521e-19,0,0.0149131345952017,2.87884585970873e-19,4.45346791080861e-18,0.0107343796153787,0.00973731718615943,0.011353067667556,0.0299876048556429,0.0150055779420397,7.99132287888341e-21,0.000611744922534556,0.0242612791087161,0.000169785903229817,4.55951459981505e-19,0.0344816341685534,4.40105672518878e-19,0.0147811460831358,0.0381476984156702,0,0.00947974646115179,0.00844992867286228,0.0179296751340141
"45","TCGA-OR-A5K2-01A",0.146705380872646,0,1.1675625867368e-17,0.00206094621463877,0.0832663166038733,0,4.17606041679018e-19,5.72745134184803e-18,0.00184381658464003,0.00474645845743305,3.94680180342807e-19,0,6.1748824238075e-19,1.6498797796093e-17,0.0504357911647286,1.84100462147021e-18,0.0215443248645668,0.00428035612392238,1.49933906636792e-18,0.00635274759908493,0.0565566813154182,4.78978839877663e-19,0.00465895960696753,0,0,0,0.00163951100513529,0.052723968600898,1.69610681273954e-18,0,0.0132438290168102,0.01668052701404,0.0281667669761504,0.00219939044831958,0.000992206437257347,9.54942746851718e-22,0.00605799430814533,1.79813664592838e-18,0.0358883675940763,0.0331798921571108,2.73615700120326e-18,0.000606185737517053,0.160164454282225,0.0371844559321617,0.00160792775132556,0,0.0174198987663356,9.6849063886257e-20,2.34136944811827e-17,0,0.0105540943108819,0.0592366616929966,0.0516018676194997,0,5.16092079804493e-18,0,0.044972956150444,3.48889665749179e-21,0.000162789595254281,0.0436221260755485,0,0.0249281631953086,0.0872642277038179,0,0.0173909515100141,0.0282783406577091,0.0456692921677232
"46","TCGA-OR-A5K6-01A",0.138773317412509,0,0,0.000368708217586197,0.037582229890953,2.90211914245858e-20,0.00246384293926917,0,0.0303743301443207,0.0392945221519916,0.00343164884068779,0.00809887774280984,5.27478261351178e-19,4.08429571824517e-18,0.0148505183529933,0,0.00721378207880346,0,0.00202421591535763,0.00542703398766157,0.0320699675683625,0,0.00352673409420809,6.63325410447557e-05,2.89405906082795e-18,0.0327974483973277,0,0.0152598261134951,0,8.64008602245947e-20,0.00829817991838648,0.0267621274185276,0.0291926423863189,0.0044074332238098,0.00989533907670374,0.000837615707553127,0.00316874864253121,0,0.0241495692520157,0,0.0123043302302454,0.00514068943879219,0.0432907118821608,0.0142558650224066,0.00598239680210837,1.93933459989643e-18,0.0116377774350841,2.96295920431325e-20,7.91685065416158e-18,0.0147335394457882,0.0238405496745877,0.0109067776018791,0.014907736985289,0.00787462081118353,0,0,0.0123207079877651,0,1.12562797655693e-19,0.0917232328436257,8.83696509047318e-19,0.0221530105092736,0,1.33263472895173e-18,0.0419042777823562,0.0160349837841812,0.0579392615665375
"47","TCGA-OR-A5KW-01A",0.029785640379326,4.13732590579704e-21,0,2.04682723668552e-18,0.0224748685830469,0,0,0,0.0093124141550444,0.00933363899349615,0.00207418314971737,0.00140940374540778,0,4.99952641493538e-18,0.0142376455131178,0.00825949788932246,0,0.0202986983475387,0.000765824615812621,0.00044565672434069,0.0242502616428976,4.07091498155593e-19,0.0145205785057814,0.000162455304144008,0.024862429299707,0.030263216922449,0.00238446690603013,0.102647907551053,0,2.1562093475647e-19,0.000491771772564417,0.00724700997891433,0.00697171607194495,0.00360064278133712,0.0014717425667428,0.000420417901493949,0.00891347987306049,0,0.00488010102462804,9.46520831735433e-20,1.44392462359808e-18,0,0.0621736410204334,0.00860147362172686,0.0103233978133373,2.82318304990591e-18,0.0324234575003916,4.30788088687823e-19,0,0.0488623204276713,0.00313437815384449,0.000839703883248844,0.00910994459377527,0.0103452481887606,2.68469111080945e-19,0.0124552196175175,0,0,0.000718543455760235,0.193119463868376,0,0.016427462322936,0.00244871535484963,0,0.00704920867693707,0.0245563454713023,0.0316055541482394
"48","TCGA-OR-A5LL-01A",0.0554175228960931,0,7.3247179132298e-18,0.0151985980950668,0.0655135819563349,1.85653231119714e-19,5.28043240261788e-18,7.33156779556804e-19,0.0428943440277931,0.0123306031193947,2.75286470959617e-19,0.00341049468672157,0,0,0.0354004025585691,0.00991319492177701,0.00338080116518282,0.00212944900719177,8.52338840897614e-19,0.00494214232525741,7.76751349090162e-19,2.81032137746168e-18,0.0107496963238296,0,0.108011989148432,6.34723776183625e-18,0.00336737114630864,0.0144707669741383,0.0417680571130127,0,0,0.00419346704803869,0.00521241276506947,0.0151267605387014,0.0146305561759293,1.15979514069329e-19,1.61809588645328e-20,0,0,0.000108167523128036,2.14240062869598e-18,1.36390322894632e-18,4.7842376036093e-18,0,0.0063782916168279,0.00183955212252001,0.0107733576690904,0.00192641308413588,0,0.00961619617921412,0.0123643196153246,0.0107532730172527,0.0794959133045254,0.0211067390834361,0.0010353598905285,0.00750424789831753,0.000926829500145408,0.000157384221600503,3.71865692546425e-18,0.196744282710209,2.33848133843714e-18,4.41461118127505e-19,2.25339773219724e-18,0.0125327514059925,0.0295344476100997,0.0540059945742158,0.0835404421843156
"49","TCGA-OR-A5JG-01A",0.0789250733981813,0,5.0072439634633e-18,0.0225536516890392,0.076273929273897,0,2.47049411148394e-18,2.94660239836238e-18,0,5.28529896163178e-19,0,1.69051179025874e-19,4.27646549226279e-18,9.53435727601888e-18,0.000361912189020182,2.50554597233596e-17,0.0465252544790359,0.0114647969692488,0.00069585472629964,0.00295062568827896,0.0387283729117134,0,0.00753515929879162,4.88351089720506e-05,4.78406022333288e-18,0.0344078609940997,0,0.0252571585382857,0.0228949398628838,0,0.00378268399634697,0.012697986678591,0.00596200269978221,0.0156731949611587,0.00733982326963325,7.94287423875865e-19,0.00247333391319459,1.30749614325779e-18,0.0405678099563321,0,0,7.14236949882197e-18,0.256815740455359,0.0226956470457904,1.6587366341872e-18,0,0.0254420741936406,0,2.21729675004881e-17,0.0216099379458574,0,0,0,0.00395978048249691,2.64601984232348e-18,4.14245480594937e-18,0.017447667454805,0,2.85186221451745e-18,0.0847433200502827,0,0.0397075385894407,0.0076661858401522,5.23335954232969e-19,0.0303613915503616,0.0193641864558567,0.0497255780062183
"50","TCGA-OR-A5K5-01A",0.0978766694279364,1.57696659708423e-18,0,0.0106796531669523,0.0374246555602545,4.66544049072249e-19,0,8.14361589592512e-19,0.0452834478027961,0.0082223060678931,1.57186496881317e-20,0.000912084538714286,1.92905099972355e-18,0,0.00459616952562074,0,0.0270085976974166,1.39284251310828e-20,0,0.00380935142876005,0.0334425839308385,0,0.00829467587824312,0,2.04573592932525e-19,1.47823510907791e-18,1.0723553987454e-19,0.0149075427245218,2.18571524942941e-18,0,0.00797464054159069,0.008529521757161,0.0200529993925546,0.00890727092013748,0.00936276269100451,3.94486605386276e-05,0.00420789104497765,0,0.033843959297147,0.0369090657375245,7.67525499082852e-19,0.00671540992035386,0.368114975416919,0.0230256083565102,0,0,0.0128626320997534,1.09464641407403e-18,0,0.00950512069725372,0,0.00607909894217554,0.0378418404085824,0.0237382727487407,2.62854115152842e-18,0,0.0424066819874196,9.37692966852658e-05,1.2366432691582e-19,0.00916819170568672,0,0.0398616436903584,0.0175127476483444,0,0.0221955823883948,0.0167212919654193,0.0389168743538141
"51","TCGA-OR-A5JY-01A",0.194737611177111,0,0.0369115048905198,0.0395285047536463,0,0,0,0,0.00361825369117213,1.57454779734921e-19,1.22374304072463e-19,0,0,0,0.000758792987121036,0,0.00461715386822741,0.00335307230810092,0,0.0196405360969907,0.0495665812544822,0.00276260497479282,0.00277007493577336,0.000515849772866942,0,0.00903877610985793,1.44769088159387e-21,0.0198653723029916,0.062639971078649,5.5693210751157e-21,0.00853731961340479,0.0389425409055157,0.038510986762249,0.0148447294471631,0.00288409544432806,7.78917113852833e-05,0,0.0118697036331989,0,0.0501282671777689,0.00429874537103945,0,9.06044206359896e-19,0.0216342246731674,0,0.00155262779709301,0.0121648987326911,0.00215445948571402,0,0.0120958856822724,0.0165211454190301,0.0164576106864765,0.238774071050431,0.0109762648225873,2.15834905096096e-20,0.0521149726694243,0.0198888006850799,0,0,3.00694545255206e-20,0.000670169329673088,0.01294864690553,0.0543442480868556,0.00463988006550059,0.073474324688018,0.0247832906272411,0.0982576153152591
"52","TCGA-OR-A5K8-01A",0.0438637223892401,4.16769034859161e-19,1.8003146046588e-18,0,0.0844751399922116,0,6.97893597923543e-21,2.46565873074697e-20,0.0225783726582806,0.00939843909519848,0,1.07117593691003e-18,4.66074170879501e-18,1.11288099062433e-17,0.0354825635615254,1.1025223993527e-17,0.00751943347872395,0.000623720273294048,6.95876349814487e-20,0.00153986354646551,0.0317300101487609,7.76153644308775e-19,0.0133959564051265,1.36416827802181e-19,0.0326071537489861,0,0,0.0141341863262201,0.0252231288115975,0,0.0100974379996232,0.00153909471986111,0.00162155165009258,0.0102520092200882,0.00164147497979585,4.94737617102737e-20,0.00400452950310079,7.21409795000771e-18,0.0178708664248946,0,7.96676275644644e-18,4.10197367779466e-18,0.241059369050055,0.0209018435870184,0.00014249627897172,3.96053673982491e-20,0.0241404885775505,0,2.62797214830837e-18,0.047905506728873,0,0.0052989915935041,0.00344005337604726,0.0003175183562152,1.99147206263479e-18,2.0113785606705e-18,0.00446072302893837,0,0,0.0515167588547196,1.34512865483233e-19,0.0190439052421921,0.00255603229335329,6.51224005808515e-19,0.00314695549741499,0.0321685819488735,0.0353155374462885
"53","TCGA-OR-A5J9-01A",0.00948078857328023,0.000573157487715467,0.0145310493457149,1.98393264970038e-19,0.0390631831097958,6.41932566009978e-20,0,4.21545671828559e-19,0.0355125634971578,0.00699093745110514,0.00149661160287996,0.000202940020342795,2.98641831702969e-19,0,0.0107713079077591,0.0136622843637268,0.044358271137959,0.00845944793415875,0,7.73628629842154e-21,0.129771739718028,1.41424345034826e-18,0,0,0.0196827397593243,1.29169415224225e-18,0.000518236547144326,0.0937817382985006,0.00318076126931534,5.33643192961096e-19,0.0507703217380773,0,3.45761671222886e-19,0.00423918422433904,0.00511969923912709,1.67244221816439e-05,0.00313561270369503,0,0.0172271470249084,0.0243208242610888,2.05387094224651e-18,1.85376901935493e-18,0.0362779408753985,0.0561700880858408,0.00438563414189827,0,0.0282407894146416,2.17501506435558e-19,0,0.024569951435613,0.0646104083658666,0.0159109956970302,0.124581440958355,0.00421861955110929,0,0,5.73887129526896e-19,0,0,0.0645256631610606,2.15275159468469e-18,0.0201137260632849,0,9.06329648177015e-19,0.00354842617297993,0.075013818482534,0.0785622446555139
"54","TCGA-OR-A5JE-01A",0.170469826462121,6.30991799482064e-19,1.23880598879148e-18,0,0.0651079748874076,0,0,0,0,0.0264595279664468,2.19010497326225e-18,0,0,0,0.0270143625495435,4.88972524743596e-18,0.0135045574573293,0.00321354664435676,0,0.00323081111735514,0.0676473609504997,3.00223741836562e-18,9.91723615899789e-05,0.000356333408506296,0,0.01709576725801,0,0.0559834891740496,9.81351794636023e-18,0,0.0249963357323003,0.0200142711673438,0.0375718310228926,0.00539065165400751,0,9.49580900204677e-20,0.00369910888692443,2.27888553110005e-18,0.0584607821721247,0.0286912701234011,1.98705901836701e-19,0.0127803650926994,0.443598011428215,0.0562751575809473,1.39446360929322e-18,7.78074558866172e-18,0.0151047044154306,0,1.07467889151322e-17,0.00944873372752116,0,0.115394098072744,0.0417782192905048,0.00231312065915737,4.31644696706084e-18,1.87241186408171e-18,0.0806292884748432,0,9.6134077939794e-18,0,0,0.0509683831290115,0.0880953303964651,0,0.0154967215231326,0.0338236804752498,0.0493204019983825
"55","TCGA-OR-A5J3-01A",0.0334159269832841,0,6.05847181952376e-18,0.00785524631937142,0.011431899241696,0,3.40125295832807e-18,7.40115375294514e-19,0.0193339732581343,0.0261098319487362,1.24739067997324e-20,0.00169224101172291,2.42874759254048e-18,0,0.00249188941152397,0,0.00149303124527275,0,0,0.000618881361962808,0.0235875562859484,5.34718623399505e-21,0.0242533271561975,6.87323780707347e-22,0.0430402519719686,0.0617796669837231,0.00265839000254475,2.89522583607121e-18,0.0046587904708792,0.000394101299754577,0.000941537977997573,0.000869936963795192,0.00214715293053538,0,0.000638928540444194,5.40587829688873e-19,0.00259879835013337,4.94903422371821e-19,0.0173913343002912,1.78914182704311e-18,0.00385031414239121,0.014459893028496,0.067986638265959,0.0159333107177625,0.0202098520925683,3.53728494587246e-18,0.025940428951714,0.000466778781916808,0,0.046349829076524,0.00961787701395977,0,0.137766066129044,0.0211010676567785,0.00358949188718385,0.0221725622393484,0.0171845855509924,0.001896735207602,0.00880538713164551,0.0729765730896767,0,0.0141680449045824,1.83428568662076e-18,0,0.010661551414403,0.0333139041289585,0.0439754555433615
"56","TCGA-OR-A5JM-01A",7.82900249392753e-20,0,2.19095513011789e-18,0.018421023779239,0.0184898840982963,0.00412308455819593,0,0,0.0231855152598613,5.34179859438015e-19,2.48771353377673e-19,4.71518362690087e-19,0,3.61264401386617e-19,0.00443041408994902,0,0.0101699646743555,0.00521068080606367,1.25186727698127e-21,1.73682369155535e-19,0.00697106402639106,0,0.00316086256481374,0.000549854856157517,0,0,1.97538915351618e-19,0.0255906338629937,0,0,0,4.31350249225102e-21,0.0044831013034815,0,0.00899693393489992,0,0.00234067549976053,0,0.0132959967245705,0.0191854716536644,1.77416707325053e-18,0.000543059687296021,0.175999590890115,0.00344084788700029,0.00257758481299122,8.83233133510727e-19,0.0157594588067874,1.02588217569385e-19,0,0.00317614991906441,0.00718653684021762,0.00457376502645077,0.00872890187182385,0.006484485823565,4.9325293966322e-18,0,0.0534976890412659,0,8.89606009395563e-19,0.0728328864216703,3.2996748467121e-19,0.0139421626164735,0.162854305741483,0,0.0182786384760926,0.00348553201319553,0.0217641704892882
"57","TCGA-OR-A5J5-01A",0.0396089527950162,3.00015199133314e-19,0,0.0107179615600103,0.0504186890907652,0,2.29647805045704e-18,1.89242085080879e-18,0.0761977690954339,0,0,3.35401112246751e-18,5.50693252288309e-18,0,0.0629976585038029,0,0.0608959991703508,0,0.00889315351367898,0,4.58522249465846e-18,1.14133844461488e-19,0.00538154085625979,3.2616431668137e-19,0,6.53092391041221e-19,0,0,0.0035044869315302,0,0.00305625709070279,0.00180203747048803,0.0024474807749596,0.00878741618648666,0.00243104770683589,9.41302174927512e-19,0.0024742058646235,0,0,2.58091080582251e-19,0,4.26175912744718e-20,0.293301884726008,0.0113763815834673,0,7.92808001648379e-18,0.0361353873677591,5.58302604778534e-20,2.44818635252991e-18,0.0387013371849814,3.84839234623112e-19,5.74016960698918e-19,3.66439957354321e-20,0.00661914592920157,0,0,0.0266897643127134,0,0,0,0,0.0517204765274396,0.0124415510351827,7.10839826472903e-18,0.00996736449155615,2.44261884689589e-18,0.00996736449155615
"58","TCGA-OU-A5PI-01A",0.029986274244621,0,1.48539320594514e-18,3.12049576791315e-19,0.0247168480174461,5.27873356253509e-19,1.4403774020681e-18,0,0.0233366200056041,0.00789108612295525,0.00117715608515534,0.00290282009983764,0.00237452581378243,3.79514049828615e-18,0.0425389324610361,0.0202087821714295,0.0174954549642173,0.00442229377320137,5.19389299023541e-20,0.000114552731451419,0.00427421048907076,6.59394396398455e-19,0.00272742556369241,8.71287157810271e-21,0.110033517962091,0.00629495504131472,0.00105659237262441,0.0990496614860858,2.96553780456317e-18,8.01736734131478e-20,3.86738514682862e-20,0.00373775659602003,0.0045870875279529,2.49120031247354e-20,0.00489315880154084,0.000249497296489878,0.00683743975245061,2.80217094298812e-18,0.0298393246836758,0.00423023972439267,0,4.01659605674051e-19,0,1.7188715852836e-20,0.000383094909105382,1.12797839474421e-18,0.0369603671870811,1.11964380611621e-19,0,0.0100650374421732,0.0385304590506859,1.1314043927621e-20,0.0469468408751873,0.00445562112869595,0,0,5.46718390502253e-18,0,0,0.141199432097592,0,0.00685039042674467,0.00138202799564915,2.68295576986623e-19,0.00776552548589996,0.0571538642255807,0.0649193897114807
"59","TCGA-PK-A5HB-01A",0.0182561489625468,0,6.06408467815952e-18,5.14498480883891e-20,0.0608076602367893,0,0,6.7693165878699e-19,0,4.20301804991934e-18,0,0,7.82053323528458e-18,7.63995807639222e-18,0.00340971167705721,1.9757674417426e-17,0.0320966968983328,0.00992226483287924,0,0,0.0651782806617648,0,0.00912321191596233,5.36718405116563e-20,0,1.20466204577539e-17,0.00110975171626051,0.0360765112140046,0.0107992725649461,3.31052388853891e-20,0.0186267978027204,0.0083607676307278,0.00388584414050736,0.0105676511545881,0.00428344168196498,0.000700104517531548,0.00205044384730726,7.27405536597081e-18,0.0112115064810509,2.07942558907954e-18,0,0,0.209016585125788,0.026345643699437,0.000612175480872921,1.1701073796726e-17,0.011558169843177,0,0,0.00178620514377269,0,0.00222125988195601,0.0993744119066596,0.00376161267250708,0,0.0223693959805334,0.028780362838702,5.87858507672142e-05,0.000732983030473392,0.0837447328275995,0.00851689405435924,0.0306244849571593,0.0684968680928483,0,0.00842947287512852,0.0325891403308824,0.0410186132060109
"60","TCGA-OR-A5JF-01A",0.00907891885652688,0,1.80460025097227e-18,0.0065810486743383,0,8.16226303388701e-20,3.19207010396741e-19,0.00056283763815759,0.0291053833002253,0.027156147171015,1.99012688779381e-20,0.00417853270778409,0.00111229157285499,1.05908869011084e-19,0.00187289971426645,3.58230781584885e-18,0.0317637983565401,0.00226231803553431,0,1.55107697087803e-20,0.0485853225949223,2.79072096474201e-19,0.00471364565076652,0,0.00299860746134841,3.8752778263017e-19,0.000863450037738496,0.0779559362619293,0.00206639809864872,0,0.0124270158436975,0.00312338105519078,0.00271081436758027,0.0026385031658073,0.00291620369389657,0.00139988702102027,0.00666041532573922,5.60768688936113e-18,0.0283947601992948,0.0209223079648513,2.30969137252863e-20,1.46198466150419e-19,0.098571316858519,0.0244833844353534,0.00400912604618906,0,0.0356380584893865,2.01859064906741e-20,0,0.0158692414402831,0.0262523909419944,3.28313051009184e-19,0.0934137874402814,0.00437018234277605,5.66697890471448e-20,0.0143986212979053,1.8351973307469e-18,2.96540950379468e-20,2.24778695327615e-19,0.114901330699255,8.87564159738616e-19,0.00501182057758195,3.19881321599069e-21,0,0.0115746691795782,0.0257919650281353,0.0373666342077136
"61","TCGA-OR-A5LM-01A",0.0424540551105793,0,2.98949964666328e-20,0,0.0130981433650691,0.00321925374161904,0,5.64992006159936e-19,0.011135834177898,1.82473289223979e-19,0.00408175311736785,0.00480281913593026,0.00399067345878305,5.34620106824768e-18,0.0399979073295347,3.07939156686111e-19,0.0237752889554508,0.0139580793538276,0,0.00600604840731871,0.0583914615477752,1.92900679697509e-19,0.0299018663928539,5.66736888635914e-20,0.0571018806041567,0,0.00183897864743822,0.0220763148971911,0.127873001184256,0.00306449684811103,0.0111809256041902,0.0167214093049222,0.0144653159526245,0.010616260598004,0.00144015322450577,0,0.00445335257524168,3.38079427853503e-19,0.0288275227090434,0.00107919722470793,0.000281484463299022,2.63848614429027e-18,0.00264719749243672,0.0269214567401014,9.71386369195239e-05,5.83044177988579e-19,0.0332757489962753,0,0,0.0160198843488158,0.00981191061453147,0.00665654436974468,0.0553721981472477,0.006351157977314,0.00559951652818927,0.0374543634450165,0.00645805437065032,2.16281022348392e-05,3.37147352468554e-21,0.0944742954635342,6.71924092122842e-19,0.0126662137231731,0.00544316671270112,0.000606600732025544,0.0195012763573173,0.057746671075966,0.0772479474332833
"62","TCGA-OR-A5JW-01A",0.0308578764677763,1.52720669983814e-20,8.73074259138116e-18,0.0176481603324892,0.0430641035333647,0,0,0.00208850013605897,0.0176059294849245,0.0254607760308592,6.44853297068612e-20,0.0111964758246037,4.49944248117246e-19,6.88995869820652e-19,0.00799108806990237,0,0.0305938493153924,0.00530872224891176,0.00373108582303295,0.000621343369401023,0.0543634166803952,5.36231900731453e-05,0.00430432443577357,0,0.0415162306967988,0.000437277207829475,0.00101336081799371,0.0145843631409646,0,0,0.00873545316207734,0.00501330979280869,0.005302980192021,0.00655502701312519,0.00567229040605146,0,0.00176441881954,6.55901371467499e-19,0.0113160481068995,0,3.46550664938277e-20,8.97744239371174e-18,0.0116460398171115,0.0283999167368784,1.25957942936148e-19,3.81302636358951e-18,0.0150190370194329,0.000122085772702137,3.93793103642671e-18,0.007606372114557,0.0459077896755915,0.0178848221649167,0.123595639875452,0.00441879881648345,0.00748476849423603,0.0510027679702664,4.89524486330624e-19,4.60717546771718e-20,0,0.02823609785188,1.86756239268075e-19,0.00811173551341315,0,0.00504312532116769,0.0282771925494589,0.047939823688597,0.0762170162380559
"63","TCGA-OR-A5K9-01A",0.0593344607554777,0,0,0.000430778751459706,0.0289978544538976,0.00220201171967529,0,0,0.0199282634418191,0.0219438715529654,2.96770533598319e-19,0,2.47548600890398e-18,0,0.00894719713397308,8.37688024681059e-19,0.0330222527783164,0.00318421222229904,0.00355373986895883,0.00264015376931615,0.00328789784049347,0,0.000516571965193775,0.000842231451093536,0,0.0165820815068703,0,0,0,0,0,2.43068835446429e-21,0.00528056963949533,0,0.00280927080426398,0.000147384489456097,0.00282642229098234,4.13906409068381e-18,0.01618550173933,3.25764686320646e-18,3.42837197724633e-18,0.00308019500049096,0.361727675216074,0.000920696100340652,0,0,0.0112234812227717,1.78278219010663e-19,1.7963048377377e-18,0.0409581871131078,0,0.0211666599897869,0.0908890136418804,0.00137183698670553,0,0,0.0373094240047832,0,0,3.28833384488955e-18,5.17449263358762e-18,0.0247474514805247,0.0979105434232917,1.71787334981644e-18,0.00392013555002656,0.00164394892024674,0.0055640844702733
"64","TCGA-OR-A5KO-01A",0,6.85693302007159e-20,1.58279771734009e-18,0.0236307784714786,0.00723109165350515,0.00750259454363703,0,0,0.0119359346587281,0,0,0.00203386329822959,6.69261048333616e-20,1.07717468165212e-18,2.05716973930299e-20,0,0.0107449019695657,0.00438829790850767,0.00205505927679802,1.47515834379631e-20,0.00928424779691061,4.74018783524065e-19,0.00706384977747681,0,0.0178394603982574,4.00297809547454e-19,0.000247349722008396,0.0201276074308283,4.0090141624759e-20,0,0.000858065202024485,0,0,0.00190778134306846,0.0057822510639979,3.30666445373014e-20,0.00276972656865045,0,0.0189171473733597,0.00315496622259213,0,0,0.15522657579008,0.00554058263512118,0.00221006571638017,0,0.0125887812175972,2.50313361961555e-19,2.16128063841992e-18,0.0170595888888134,0,0.00753005580096765,0.0149712823012144,0.00962173627628007,0.00282814657293023,7.16650551332504e-18,0.0142871265375381,3.1943871630212e-21,0.00286995656956106,0.0975401638403494,0.00772964020265236,0.0335774827579493,0.0559458516549814,0,0.0209645952224707,0.013561854097584,0.0345264493200548
"65","TCGA-OR-A5L8-01A",0,0,0,0.0111975466269515,0,0.00162104683081772,0,0.00116207478718648,0.0485686053835879,0.0194265271272444,0.00712070779368562,0.0120810853934722,0.00942006619144842,0,0.0151992437565802,0.0112454018272791,0.0596164763939088,0.00652828505609988,0.000920286971040802,0.00307696234618746,0.00509056268655106,3.42639888036232e-19,0.00397449143657507,4.04510478646501e-21,0.0265144718271443,0,7.58524485492528e-20,0.0790306148580474,0.0608210611872899,1.34019664025783e-05,0.000770667992168199,0,7.94233245505046e-19,1.57136033960671e-20,0.0100677654768151,0,0.00170821883586667,0,0.017500008427941,0.00343559456423172,7.90360522145742e-19,0,0.0707610636907946,0.00186728399087425,0.00841506328917648,1.16432719109906e-19,0.0248819146482601,5.93355496752111e-19,0,0,0.0441390368335423,1.56916205525595e-18,0.0512469720501856,0.00344709703949239,0.00400856859689213,0,0,0,8.60751081009414e-19,0.182552112624936,0,0.0108461271974145,1.89262235696563e-18,0,0.0250569564204085,0.0158025172568477,0.0408594736772562
"66","TCGA-OR-A5J7-01A",0.0350552282764909,0,0,0.018254265030064,0.00990788823098603,0,1.15304877831473e-17,0,0,0,0,0,0,0,0.000119085485260239,1.0149697769628e-17,0.0270978398675214,0.00481086128573543,0,0,0.0763396700251787,1.56979405676039e-18,0.000942360355066217,0.00145384628932603,0,0,5.83499283918762e-20,0.0637786744689502,0,0.000666556832391482,0.0252790956784423,4.50629210697244e-19,0.00402279781030967,0.00280249807317249,3.48559495890559e-20,0.00121346016447482,0.00454645041451464,0,0.0218883528040212,0.0293059519851384,6.42865904124688e-18,9.57123913103313e-19,0.33202527834994,0.0505711829246099,3.89080912907932e-19,2.90780516785443e-18,0.0122465138336872,1.75812816977768e-19,0,0.00870707975603431,0,0.000276640263280481,0.147091239432032,0.00251514884118387,8.29710174802023e-19,1.71891715434284e-18,0.0452054635654847,0.00135752065099969,1.0092200899342e-17,0,0,0.00697977745266609,0.17004707134479,0,0.0121695100200427,0.0381698350125893,0.050339345032632
"67","TCGA-OR-A5LO-01A",0,3.94031080573002e-19,1.95147275945967e-18,0,0.0299666525191197,0.000372730721898495,1.77205788264465e-18,6.71326402057069e-20,0.0385004601327962,4.95350111332548e-18,0.00401137914996538,0,9.30338544696663e-21,0,0.00126414570955868,0.0219951843016243,0.0285880298151388,0.00607508332490381,0.00323117876459508,4.08352049424453e-19,0.0125952304180325,0,0.00113303143753345,2.83205008358439e-19,0.00908089330984226,0,0.000894538290545262,0.0353350144867896,0,0,1.45462981079776e-05,0,0,1.06392886644246e-19,0,0.000635421412450577,0.0139778474073173,4.70823865395384e-18,0,0.012916282359962,0,2.40981618133632e-18,0.156207004785891,0.00390756290086455,0,0,0.0800996753830632,4.43189826848433e-20,0,0.00658429588879328,0,0.00484807977230312,0.0314035941112158,0.0183684296021155,0,0.000876802644561463,0.00658173180380881,0,0.000960415156151834,0.071053314830897,0,0.000423039549876671,0.0138307526467682,2.41211647207165e-18,3.46535781543335e-19,0.0108380618639374,0.0108380618639374
"68","TCGA-OR-A5KX-01A",0.0474307966880364,0.00209466125892268,4.76346079356438e-18,1.47818246855018e-19,0.0514850742767757,1.54616653209986e-20,2.94420198326534e-18,0,0.010333012073527,0,3.3334951546958e-19,0.00122740743761383,2.44338478185505e-18,2.31009943816238e-18,0.00223004758781278,0.0246864615967623,0.0381222303213949,0.00547464971213565,0.00990051502848048,0.000507392834089909,0.0586312893973755,0,0.00760289412082883,3.04021457955806e-20,0.0396930779576488,0.0232565841961681,0,0.0534866257077517,0.0313193607128827,0,0.0224779330102162,1.95145552114277e-18,0.00408893789896852,8.8361122484217e-20,0.00480612181671734,4.63486096372222e-20,0.00224325120190763,3.58073227767417e-19,0.0274611862227494,0.0138185333577348,0.0150138535746429,0,0.0768885727200962,0.0302821193963154,0.0077438168222054,1.74719662105664e-18,0.0151179255882726,0.000659548611022862,1.48369051433606e-17,0.0211108376923009,0.012116600018118,0.00783379070508232,0.0284068241207707,0.00494564030919218,0,9.03102558381443e-18,0.00769471306081701,0,0,0.0743534354240344,0,2.53136722287516e-18,0.0870148104321639,5.38724035510744e-18,0.0148095495160579,0.0502095143069735,0.0650190638230314
"69","TCGA-OR-A5KV-01A",0.00074760060489125,1.46661273264356e-18,0,0.000693419870597169,0.0208629997921685,0,0,0,0.0415318336253196,0.0220307856493083,0.0186171051549981,0.00962034302417706,0,5.41657142848547e-18,0.000838342703828345,4.29651521882358e-18,0.0435504946320575,0.00458734382829742,0.014023453037926,2.67269973400596e-19,0.0148227452274884,0.000140931853229128,0.00441310490878279,1.07535074881571e-18,0,0,0,0,1.15715719560806e-18,0,0.01062121525249,8.81092046987166e-19,0,2.24924317561608e-19,0.0044110430053237,0,0.000398243715303337,1.08822313031612e-17,0.0148127752975932,0.00813321750231934,0,0.00558979012115085,0.288916094071271,0.00953936126895864,0.0133529701733895,1.8764882045427e-17,0.0478700794179458,0,3.02831836066594e-18,0.0147339458243003,0,0.0489552792762741,0.0253192081141443,0.0105819335198467,0,1.82033174737653e-17,0.0427063613540931,0,1.08043286032358e-18,0,1.36239181700262e-17,0.0237556188513857,0,0,0.00991049183555137,0.00741137261374419,0.0173218644492956
"70","TCGA-OR-A5L3-01A",0.181163834380372,4.6669739252441e-20,1.29263412046005e-18,8.09517106639415e-19,0.0353460180424274,1.41613025223351e-19,0,2.37181467085255e-18,0.0456251882629914,0.0218658883818925,8.49192845461796e-21,0,0,0,0.00824700823733803,4.86902866937967e-18,0,6.04977373773941e-20,0.00283091400057408,0.0104542378066871,0.0212809464634414,0,0.00713702154330805,2.1960517664239e-05,0,0.000184138449497621,0.000170407625063377,0.103194006447599,0.0302899431469521,9.1259613171486e-20,0.0100916856052226,0.0227360298682643,0.0262460401517634,0.00866399287876191,0.00701033503646713,0.000215287137719056,0.00474583516912697,0,0.0190108159497613,2.89603027378334e-20,0,0.00019829969747989,0.178658979185037,0.0228550964639673,0.00246687175070441,0,0.0130026589522562,0,0,0.0279554118813725,0.0162733801754365,0.00120012873406239,0.0508675891490822,0.0115674272569271,0,0,0.00874329054274194,4.72709176596394e-05,0,0.0401064928560515,0,0.00904642294684855,5.08346788177186e-18,7.79732262514794e-20,0.0268004018076123,0.0106404732317207,0.037440875039333
"71","TCGA-OR-A5LB-01A",0.00497640823216994,0,7.70893155185979e-19,9.90826489768054e-19,0.0434736961876164,0,1.55157745170506e-18,5.57728845432808e-20,0.0277423728522154,7.38648101175372e-18,0.00224050615982748,1.1198769147976e-20,4.54921147638308e-20,8.14639733433239e-18,0,1.00573629693065e-17,0.00940833285106808,0.0196479961698029,0,3.20110929419463e-19,0.0518487778536986,0,0.00250689988043965,9.50402239390404e-20,0.00863603564120366,0,0.00133313201613693,0.097002303096168,0,0,0.00884252187239271,0.00200639335531941,0.000695901744822513,0.00294666465170236,0,0.00206072600589013,0.00447737166143748,0,0.0107660502754441,2.37644053274292e-18,1.54455257993158e-18,1.15975656857719e-18,0.0768344245114569,0.0292471685296831,1.09872490231304e-18,0,0.0260260996003232,4.68584241497182e-19,1.67170223292027e-17,0.00619929570591191,0.0449906192646991,0,0.0350274004105929,0.0110783940854745,8.00808367291615e-19,6.03958177213678e-19,0,0,4.76695761853393e-19,0.127823326639833,4.15918961001415e-19,0.00796193342871834,0.00387446002924069,3.27476038020172e-19,0.00133759557021295,0.0302424067474511,0.0315800023176641
"72","TCGA-OR-A5LE-01A",0.016435038462031,8.26360247337579e-21,7.31928980543695e-18,0.0368927596197075,0.0524204664196198,0,1.50011301734055e-18,0,0.00187028865354034,3.5638090365327e-18,4.30469830208855e-20,0,1.85969255200973e-18,0,0,2.46570814217078e-17,0.0133601728971164,0.0075445609106449,0,0.0065545438114475,0.0249406772662225,0,0.00146365282266749,3.21336700038232e-20,0,1.33771505606293e-18,0,0,0.0563434763247308,4.02672006894847e-19,0.00383439171491512,0.00501087271590565,0.00537658706546584,0.00389435837792069,0.00370282789650849,0.000134777314900768,0.00186351746319635,0.00660288854943854,0.00429366736105001,0,0,0.00793999544024061,0.3283146976892,0.0177768693856257,0.00457894442424669,4.16303865249329e-18,0.017747476626378,0,1.10437389980632e-17,0.00049879055562028,0,0.0187024461108026,0.00937720071392012,0.00897858753701005,3.21252923697753e-20,0,0.0785450206899744,3.18016519873447e-21,1.91229058428673e-18,8.97633515713855e-19,0.00146381682597056,0.0148592212144466,0.0762559219958627,0,0.0347740026957128,0.0124703386331112,0.047244341328824
"73","TCGA-OR-A5K0-01A",0.0870012455231637,0,1.80550289207808e-18,0.0702697558439695,0.0442719132182353,0,5.3721074425877e-19,6.18895470886811e-19,0.0125044508940964,9.35248949427276e-18,0.00606854317044051,1.33805802595739e-19,0,3.67731226220172e-18,2.94188924995408e-20,0,3.88230039163844e-18,2.95955118626799e-19,0.00740416543092375,0,3.44321260202261e-19,1.32281382592945e-19,0.0130630918716512,1.04557333582963e-19,0.00542583405358237,0.0189208473491535,0.00149679727891396,0,0,1.14208647209652e-19,4.96555693852941e-20,0.00420106662062245,0.0159867572545295,0,0.00755714702179268,2.39779417157337e-20,0.00191864874013669,0.0179010919535295,0,0,5.26163837480635e-19,0.012977221443092,0.124832464170921,2.32320516177832e-20,0.00657860645478847,1.75463564444205e-19,0.00803048493318457,0.000227818976066924,0,0.0370746665642071,0.0256746959563506,0.0136716997692734,0.0912396386900568,0.026615741926385,0,6.58451710007695e-18,0.031502590509006,0.00145854880883335,0.013305558196585,8.36057602590708e-19,1.23080793391405e-17,0.0113863951297741,0.0524366712928461,0,0.0548371923083011,0.00271291702679119,0.0575501093350922
"74","TCGA-OR-A5LD-01A",0.0113425222931038,6.09824259134375e-19,0,0.0230340480900511,0.086636594101136,2.66349966248563e-20,0,0,0.0804522427953177,4.97531336182151e-19,0.00271098417625142,1.69552804927298e-18,0.00659035362567198,0,0.00406446589863344,0,0.0537971804194668,0.0020961952390023,0,0,0.0560353192887347,0,7.83438277930345e-20,4.47488721762599e-19,0.064161445399789,0,0.00186018366860939,0.0886943939247332,0.00687980765728688,0,0.0145714673954653,4.15093754487258e-19,0.000406472007075281,1.40308841273125e-19,0.019953228791495,0,0.00131268275134404,1.40772871089035e-17,0.012402608833201,0.0301514856359892,0,6.34147891926636e-19,0.243768947122379,0.039488792145077,0.0119266620009537,0,0.0146126330926528,0,3.71114894341232e-18,0,0.0279982054739404,0.00729494527722957,0.0131132764466048,0.00865508031838138,1.66902097774987e-18,0.0319449213065399,0.090590452864083,4.96438757747223e-19,0.0163236872667112,3.16516455182427e-19,0,0.0664748954127329,0.0252758702705566,1.91796721554605e-18,0.0286581845876974,0.0600983823442618,0.0887565669319592
"75","TCGA-P6-A5OF-01A",0.0573919182917852,0.00169867348052985,0.00183050568785968,0,0.0203723674733577,6.37689762594743e-22,2.55112012013008e-18,0,0.0343749203893885,0.0360597056221248,0.000815674820885655,3.95274343990819e-19,0,1.18966951539855e-18,0.00627769102577005,0.0025127722663675,0.023859945995923,0.0011301407988213,0.000427298992065709,0,0.0277628380791339,4.44235359902567e-19,0.0175849065927053,2.10742398479882e-21,0.0453184894641678,0,0.000310584284589162,0.0702972630790595,3.11804742859989e-18,0.000153961268058011,0.00132182731156906,0.00410752965195423,0.0122019342516414,0.0047139731182941,0.00372025060857346,0.00079376140309023,0.00240456812537075,5.42840035606413e-18,0.00419073019600838,0.00647522658093834,0.000897143877679803,3.91248076191609e-18,0.0996457203791343,0.0158779129804195,0.00303921035409967,1.85580336602735e-18,0.0326490920267987,0.00077003568017436,0,0.0163016589542564,0,0,0.0935556785321221,0.0018620789166671,6.65382128986206e-19,0,3.55566698150351e-19,0,1.07246621557945e-19,0.10566559550465,0,0.000982719808062084,8.70413287043259e-20,0,0.00632997321225457,0.0373900005119158,0.0437199737241704
"76","TCGA-P6-A5OG-01A",0.110721833849652,0,0.0224142879865329,6.11322529537271e-19,0.0420312210064883,0.0128702205652496,0.036042930819422,1.08370861696917e-18,0.00373395317939181,0.0117442406970226,9.99313500198557e-20,0.05947231279187,0.0398637660614962,0.0594205155454301,0.0841130180652321,8.18091159229665e-19,5.97057923725153e-18,0,5.98579380759123e-20,0.0624858558985368,0.278403789761605,4.6959506734147e-19,0.0899076763717973,0.00192756702650764,0.0200282637520522,4.08368548197417e-19,0.000424067793675872,0.0918039679472186,0.901094839392283,0.00697180669462219,0.169061490324999,0.0213157272157369,0.0151889218983117,0.00753209014960383,0.000703860952057384,0.00149753809142913,0.00104629745026995,0,0.0074759467626141,2.64880166921343e-20,0.149945401895416,2.97499885227546e-18,0.43332450860255,0.153357956955093,8.50586683902423e-19,1.28245941381031e-18,0.000237807105230582,0.0302951736779343,1.18633023034299e-19,0.0519670632734102,6.64679353244181e-20,0.0275536739598583,0.153264217520431,0,0,0.000230593166343956,0.0157617187181681,0.00233168278523492,0.00426067976667391,1.90425996305279e-18,1.40646617023226e-17,0.0303927771263458,0.231712341172788,5.98148865514688e-18,0.216145554954367,0.149216026756828,0.365361581711196
